{
    "step": 15,
    "loss": 0.3879048526287079,
    "accuracy": 0.8843029737472534,
    "val_loss": 0.488033264875412,
    "val_accuracy": 0.856635570526123
}