{
    "step": 1,
    "loss": 1.0088497400283813,
    "accuracy": 0.7403474450111389,
    "val_loss": 1.0714503526687622,
    "val_accuracy": 0.7030762434005737
}