{
    "step": 0,
    "loss": 1.3023877143859863,
    "accuracy": 0.7332457900047302,
    "val_loss": 1.0897631645202637,
    "val_accuracy": 0.7101694941520691
}