{
    "step": 37,
    "loss": 0.2646133005619049,
    "accuracy": 0.9208177924156189,
    "val_loss": 0.44390207529067993,
    "val_accuracy": 0.8732373118400574
}