{
    "step": 30,
    "loss": 0.2939715087413788,
    "accuracy": 0.9119067788124084,
    "val_loss": 0.44367942214012146,
    "val_accuracy": 0.8716017007827759
}