{
    "step": 50,
    "loss": 0.22228513658046722,
    "accuracy": 0.9331843256950378,
    "val_loss": 0.4610599875450134,
    "val_accuracy": 0.8741440773010254
}