{
    "step": 90,
    "loss": 0.1445971429347992,
    "accuracy": 0.9553919434547424,
    "val_loss": 0.5550751686096191,
    "val_accuracy": 0.8718389868736267
}