{
    "step": 2,
    "loss": 1.0378878116607666,
    "accuracy": 0.7421334981918335,
    "val_loss": 1.1562014818191528,
    "val_accuracy": 0.7088305354118347
}