{
    "step": 9,
    "loss": 0.6873089075088501,
    "accuracy": 0.810538113117218,
    "val_loss": 0.7691921591758728,
    "val_accuracy": 0.7853135466575623
}