{
    "step": 3,
    "loss": 0.8661768436431885,
    "accuracy": 0.758199155330658,
    "val_loss": 0.9591370820999146,
    "val_accuracy": 0.7295084595680237
}