{
    "step": 6,
    "loss": 0.8755655884742737,
    "accuracy": 0.7580211758613586,
    "val_loss": 0.9756441712379456,
    "val_accuracy": 0.7258474826812744
}