{
    "step": 5,
    "loss": 0.7927747368812561,
    "accuracy": 0.7861843109130859,
    "val_loss": 0.8789688944816589,
    "val_accuracy": 0.7577288150787354
}