{
    "step": 9,
    "loss": 0.5143511295318604,
    "accuracy": 0.8493877053260803,
    "val_loss": 0.5949112176895142,
    "val_accuracy": 0.8270000219345093
}