{
    "step": 54,
    "loss": 0.2123543620109558,
    "accuracy": 0.9366419315338135,
    "val_loss": 0.4651969075202942,
    "val_accuracy": 0.8746610283851624
}