{
    "step": 7,
    "loss": 0.5320444107055664,
    "accuracy": 0.8449936509132385,
    "val_loss": 0.6094223856925964,
    "val_accuracy": 0.821991503238678
}