{
    "step": 13,
    "loss": 0.4067226052284241,
    "accuracy": 0.8794152736663818,
    "val_loss": 0.4995970129966736,
    "val_accuracy": 0.8538559079170227
}