{
    "step": 82,
    "loss": 0.1563163846731186,
    "accuracy": 0.9523114562034607,
    "val_loss": 0.5292620062828064,
    "val_accuracy": 0.8730254173278809
}