{
    "step": 1,
    "loss": 1.04990553855896,
    "accuracy": 0.7417224645614624,
    "val_loss": 1.1165498495101929,
    "val_accuracy": 0.7084915041923523
}