{
    "step": 5,
    "loss": 0.5409513115882874,
    "accuracy": 0.8421186208724976,
    "val_loss": 0.617308497428894,
    "val_accuracy": 0.8205000162124634
}