{
    "step": 8,
    "loss": 0.5668364763259888,
    "accuracy": 0.8364893794059753,
    "val_loss": 0.6483054161071777,
    "val_accuracy": 0.8137711882591248
}