{
    "step": 89,
    "loss": 0.14607660472393036,
    "accuracy": 0.9551737308502197,
    "val_loss": 0.5516970157623291,
    "val_accuracy": 0.8719237446784973
}