{
    "step": 1,
    "loss": 1.1306111812591553,
    "accuracy": 0.7406144142150879,
    "val_loss": 1.2280527353286743,
    "val_accuracy": 0.7074745893478394
}