{
    "step": 86,
    "loss": 0.14985089004039764,
    "accuracy": 0.9542139768600464,
    "val_loss": 0.5422370433807373,
    "val_accuracy": 0.8728220462799072
}