{
    "step": 73,
    "loss": 0.17126162350177765,
    "accuracy": 0.948040246963501,
    "val_loss": 0.5109702348709106,
    "val_accuracy": 0.8730000257492065
}