{
    "step": 83,
    "loss": 0.15449325740337372,
    "accuracy": 0.9529767036437988,
    "val_loss": 0.5343115329742432,
    "val_accuracy": 0.8726779818534851
}