{
    "step": 69,
    "loss": 0.17833635210990906,
    "accuracy": 0.9461398124694824,
    "val_loss": 0.5029885172843933,
    "val_accuracy": 0.8729491233825684
}