{
    "step": 68,
    "loss": 0.180376335978508,
    "accuracy": 0.9455593228340149,
    "val_loss": 0.49861109256744385,
    "val_accuracy": 0.8730084896087646
}