{
    "step": 7,
    "loss": 0.7662521600723267,
    "accuracy": 0.7911567687988281,
    "val_loss": 0.8697853684425354,
    "val_accuracy": 0.7601355910301208
}