{
    "step": 51,
    "loss": 0.21951714158058167,
    "accuracy": 0.934114396572113,
    "val_loss": 0.4628896713256836,
    "val_accuracy": 0.8748135566711426
}