{
    "step": 92,
    "loss": 0.14208680391311646,
    "accuracy": 0.9565762877464294,
    "val_loss": 0.5616933107376099,
    "val_accuracy": 0.8711016774177551
}