{
    "step": 14,
    "loss": 0.3970053493976593,
    "accuracy": 0.8821228742599487,
    "val_loss": 0.49900928139686584,
    "val_accuracy": 0.8527033925056458
}