{
    "step": 6,
    "loss": 0.7159797549247742,
    "accuracy": 0.8026949167251587,
    "val_loss": 0.7933284640312195,
    "val_accuracy": 0.7803983092308044
}