{
    "step": 4,
    "loss": 0.6519745588302612,
    "accuracy": 0.8169724345207214,
    "val_loss": 0.7380261421203613,
    "val_accuracy": 0.7906186580657959
}