{
    "step": 5,
    "loss": 0.5997857451438904,
    "accuracy": 0.8275953531265259,
    "val_loss": 0.6691173315048218,
    "val_accuracy": 0.8017881512641907
}