{
    "step": 0,
    "loss": 1.161806344985962,
    "accuracy": 0.7357436418533325,
    "val_loss": 1.0463407039642334,
    "val_accuracy": 0.7160932421684265
}