{
    "step": 4,
    "loss": 0.855534553527832,
    "accuracy": 0.7680423855781555,
    "val_loss": 0.9377322196960449,
    "val_accuracy": 0.7437372803688049
}