{
    "step": 99,
    "loss": 0.13288241624832153,
    "accuracy": 0.9592605829238892,
    "val_loss": 0.5785121321678162,
    "val_accuracy": 0.8703559041023254
}