{
    "step": 43,
    "loss": 0.24346454441547394,
    "accuracy": 0.9270465970039368,
    "val_loss": 0.4483047425746918,
    "val_accuracy": 0.8751016855239868
}