{
    "step": 84,
    "loss": 0.15338134765625,
    "accuracy": 0.9529767036437988,
    "val_loss": 0.5390967130661011,
    "val_accuracy": 0.8712457418441772
}