{
    "step": 75,
    "loss": 0.1677265465259552,
    "accuracy": 0.948718249797821,
    "val_loss": 0.5169256329536438,
    "val_accuracy": 0.8726101517677307
}