{
    "step": 52,
    "loss": 0.21680660545825958,
    "accuracy": 0.9349660873413086,
    "val_loss": 0.4622774124145508,
    "val_accuracy": 0.8752203583717346
}