{
    "step": 7,
    "loss": 0.5458760857582092,
    "accuracy": 0.8414809107780457,
    "val_loss": 0.6244240999221802,
    "val_accuracy": 0.818372905254364
}