{
    "step": 98,
    "loss": 0.13449527323246002,
    "accuracy": 0.9586610198020935,
    "val_loss": 0.5726101398468018,
    "val_accuracy": 0.8713051080703735
}