{
    "step": 7,
    "loss": 0.6908252835273743,
    "accuracy": 0.8110741376876831,
    "val_loss": 0.7644029259681702,
    "val_accuracy": 0.7819406986236572
}