{
    "step": 6,
    "loss": 0.6338587403297424,
    "accuracy": 0.8209957480430603,
    "val_loss": 0.7168875336647034,
    "val_accuracy": 0.7989915013313293
}