{
    "step": 0,
    "loss": 1.1631261110305786,
    "accuracy": 0.7359216213226318,
    "val_loss": 1.0336687564849854,
    "val_accuracy": 0.7095677852630615
}