{
    "step": 9,
    "loss": 0.3988039195537567,
    "accuracy": 0.880324125289917,
    "val_loss": 0.48941782116889954,
    "val_accuracy": 0.8563728928565979
}