{
    "step": 59,
    "loss": 0.19968131184577942,
    "accuracy": 0.9399978518486023,
    "val_loss": 0.4773315489292145,
    "val_accuracy": 0.8740254044532776
}