{
    "step": 44,
    "loss": 0.24008481204509735,
    "accuracy": 0.9280529618263245,
    "val_loss": 0.4525260925292969,
    "val_accuracy": 0.8735932111740112
}