{
    "step": 2,
    "loss": 0.663547158241272,
    "accuracy": 0.8152012825012207,
    "val_loss": 0.6973691582679749,
    "val_accuracy": 0.7967711687088013
}