{
    "step": 8,
    "loss": 0.4734589457511902,
    "accuracy": 0.8608537912368774,
    "val_loss": 0.5504235625267029,
    "val_accuracy": 0.8396949172019958
}