{
    "step": 2,
    "loss": 0.9672216176986694,
    "accuracy": 0.7472118735313416,
    "val_loss": 1.1217490434646606,
    "val_accuracy": 0.7033474445343018
}