{
    "step": 5,
    "loss": 0.6861222982406616,
    "accuracy": 0.8098432421684265,
    "val_loss": 0.7696939706802368,
    "val_accuracy": 0.7838982939720154
}