{
    "step": 25,
    "loss": 0.3194505274295807,
    "accuracy": 0.9044724702835083,
    "val_loss": 0.4478093683719635,
    "val_accuracy": 0.8699067831039429
}