{
    "step": 31,
    "loss": 0.28931915760040283,
    "accuracy": 0.9133071899414062,
    "val_loss": 0.4451763927936554,
    "val_accuracy": 0.8712711930274963
}