{
    "step": 8,
    "loss": 0.8197860717773438,
    "accuracy": 0.7746716141700745,
    "val_loss": 0.9209314584732056,
    "val_accuracy": 0.7382627129554749
}