{
    "step": 0,
    "loss": 1.3275235891342163,
    "accuracy": 0.7266334891319275,
    "val_loss": 1.1183862686157227,
    "val_accuracy": 0.7087118625640869
}