{
    "step": 2,
    "loss": 0.7238116264343262,
    "accuracy": 0.8004809617996216,
    "val_loss": 0.7780019044876099,
    "val_accuracy": 0.7832711935043335
}