{
    "step": 67,
    "loss": 0.18240541219711304,
    "accuracy": 0.944671630859375,
    "val_loss": 0.49696066975593567,
    "val_accuracy": 0.8733898401260376
}