{
    "step": 9,
    "loss": 0.6063589453697205,
    "accuracy": 0.8280317783355713,
    "val_loss": 0.6889417767524719,
    "val_accuracy": 0.8036695122718811
}