{
    "step": 22,
    "loss": 0.33667129278182983,
    "accuracy": 0.8993983268737793,
    "val_loss": 0.45622915029525757,
    "val_accuracy": 0.8678305149078369
}