{
    "step": 5,
    "loss": 0.5362432599067688,
    "accuracy": 0.8434004187583923,
    "val_loss": 0.6081346869468689,
    "val_accuracy": 0.8206101655960083
}