{
    "step": 2,
    "loss": 0.9890512824058533,
    "accuracy": 0.7453495860099792,
    "val_loss": 1.0708677768707275,
    "val_accuracy": 0.7075169682502747
}