{
    "step": 6,
    "loss": 0.7296594381332397,
    "accuracy": 0.7997902631759644,
    "val_loss": 0.8793115615844727,
    "val_accuracy": 0.765771210193634
}