{
    "step": 5,
    "loss": 0.7652462124824524,
    "accuracy": 0.7916461825370789,
    "val_loss": 0.8554407954216003,
    "val_accuracy": 0.7681949138641357
}