{
    "step": 79,
    "loss": 0.16080021858215332,
    "accuracy": 0.9510296583175659,
    "val_loss": 0.5272315144538879,
    "val_accuracy": 0.8714830279350281
}