{
    "step": 9,
    "loss": 0.4576248228549957,
    "accuracy": 0.865095317363739,
    "val_loss": 0.5410175323486328,
    "val_accuracy": 0.8420508503913879
}