{
    "step": 4,
    "loss": 0.523794949054718,
    "accuracy": 0.8474555015563965,
    "val_loss": 0.5899009108543396,
    "val_accuracy": 0.830466091632843
}