{
    "step": 55,
    "loss": 0.20962104201316833,
    "accuracy": 0.9368389844894409,
    "val_loss": 0.47265979647636414,
    "val_accuracy": 0.8743982911109924
}