{
    "step": 4,
    "loss": 0.7526338696479797,
    "accuracy": 0.7958008646965027,
    "val_loss": 0.8228932023048401,
    "val_accuracy": 0.7744407057762146
}