{
    "step": 0,
    "loss": 2.1372532844543457,
    "accuracy": 0.6892479062080383,
    "val_loss": 1.343783974647522,
    "val_accuracy": 0.7088474631309509
}