{
    "step": 4,
    "loss": 0.5696291327476501,
    "accuracy": 0.8349597454071045,
    "val_loss": 0.6461195349693298,
    "val_accuracy": 0.8077542185783386
}