{
    "step": 45,
    "loss": 0.2368485927581787,
    "accuracy": 0.9288432002067566,
    "val_loss": 0.45496636629104614,
    "val_accuracy": 0.8740169405937195
}