{
    "step": 33,
    "loss": 0.2806006968021393,
    "accuracy": 0.9158304929733276,
    "val_loss": 0.445211797952652,
    "val_accuracy": 0.8730084896087646
}