{
    "step": 76,
    "loss": 0.16577228903770447,
    "accuracy": 0.949739396572113,
    "val_loss": 0.5185196995735168,
    "val_accuracy": 0.8724576234817505
}