{
    "step": 6,
    "loss": 0.46019479632377625,
    "accuracy": 0.8639025688171387,
    "val_loss": 0.5361037850379944,
    "val_accuracy": 0.8434237241744995
}