{
    "step": 4,
    "loss": 0.5766246318817139,
    "accuracy": 0.8328157067298889,
    "val_loss": 0.6490065455436707,
    "val_accuracy": 0.8112203478813171
}