{
    "step": 7,
    "loss": 0.6720495223999023,
    "accuracy": 0.8131927847862244,
    "val_loss": 0.7540434002876282,
    "val_accuracy": 0.786449134349823
}