{
    "step": 47,
    "loss": 0.23070773482322693,
    "accuracy": 0.9307923913002014,
    "val_loss": 0.4550953805446625,
    "val_accuracy": 0.8750423789024353
}