{
    "step": 85,
    "loss": 0.15400874614715576,
    "accuracy": 0.9528919458389282,
    "val_loss": 0.5440748929977417,
    "val_accuracy": 0.8712711930274963
}