{
    "step": 96,
    "loss": 0.1369183212518692,
    "accuracy": 0.9577733278274536,
    "val_loss": 0.5708516836166382,
    "val_accuracy": 0.8699745535850525
}