{
    "step": 8,
    "loss": 0.41713565587997437,
    "accuracy": 0.8757330775260925,
    "val_loss": 0.4995342791080475,
    "val_accuracy": 0.852610170841217
}