{
    "step": 0,
    "loss": 1.1331846714019775,
    "accuracy": 0.7367500066757202,
    "val_loss": 1.0186983346939087,
    "val_accuracy": 0.7143898010253906
}