{
    "step": 32,
    "loss": 0.2849568724632263,
    "accuracy": 0.9146122932434082,
    "val_loss": 0.44385960698127747,
    "val_accuracy": 0.8722034096717834
}