{
    "step": 95,
    "loss": 0.13790667057037354,
    "accuracy": 0.9576207399368286,
    "val_loss": 0.5656998753547668,
    "val_accuracy": 0.8721017241477966
}