{
    "step": 7,
    "loss": 0.49220284819602966,
    "accuracy": 0.8554364442825317,
    "val_loss": 0.5673927068710327,
    "val_accuracy": 0.834754228591919
}