{
    "step": 42,
    "loss": 0.2466888129711151,
    "accuracy": 0.9260254502296448,
    "val_loss": 0.4494541585445404,
    "val_accuracy": 0.8739237189292908
}