{
    "step": 9,
    "loss": 0.5443888902664185,
    "accuracy": 0.8426737189292908,
    "val_loss": 0.6222844123840332,
    "val_accuracy": 0.8209830522537231
}