{
    "step": 3,
    "loss": 0.8171815276145935,
    "accuracy": 0.7757266759872437,
    "val_loss": 0.8914563059806824,
    "val_accuracy": 0.7537627220153809
}