{
    "step": 6,
    "loss": 0.5134428143501282,
    "accuracy": 0.8497139811515808,
    "val_loss": 0.5953972339630127,
    "val_accuracy": 0.8261186480522156
}