{
    "step": 9,
    "loss": 0.7911731004714966,
    "accuracy": 0.7829067707061768,
    "val_loss": 0.8855952024459839,
    "val_accuracy": 0.7573813796043396
}