{
    "step": 16,
    "loss": 0.37952911853790283,
    "accuracy": 0.8871080279350281,
    "val_loss": 0.4797532260417938,
    "val_accuracy": 0.8587203621864319
}