{
    "step": 9,
    "loss": 0.489238977432251,
    "accuracy": 0.8562012910842896,
    "val_loss": 0.5692099332809448,
    "val_accuracy": 0.8331440687179565
}