{
    "step": 0,
    "loss": 1.1571052074432373,
    "accuracy": 0.7355085015296936,
    "val_loss": 1.0362135171890259,
    "val_accuracy": 0.710415244102478
}