{
    "step": 4,
    "loss": 0.8876585960388184,
    "accuracy": 0.7555741667747498,
    "val_loss": 0.9954030513763428,
    "val_accuracy": 0.7180339097976685
}