{
    "step": 6,
    "loss": 0.8091208934783936,
    "accuracy": 0.7772902250289917,
    "val_loss": 0.9024341702461243,
    "val_accuracy": 0.7542118430137634
}