{
    "step": 7,
    "loss": 0.4896581470966339,
    "accuracy": 0.8562902808189392,
    "val_loss": 0.5664504170417786,
    "val_accuracy": 0.8356695175170898
}