{
    "step": 58,
    "loss": 0.2020989954471588,
    "accuracy": 0.9388495683670044,
    "val_loss": 0.47572827339172363,
    "val_accuracy": 0.8733474612236023
}