{
    "step": 7,
    "loss": 0.5946009755134583,
    "accuracy": 0.8300720453262329,
    "val_loss": 0.6806399822235107,
    "val_accuracy": 0.7999321818351746
}