{
    "step": 34,
    "loss": 0.2764250934123993,
    "accuracy": 0.917061448097229,
    "val_loss": 0.4413028061389923,
    "val_accuracy": 0.8735508322715759
}