{
    "step": 0,
    "loss": 1.6201767921447754,
    "accuracy": 0.7218770980834961,
    "val_loss": 1.1853529214859009,
    "val_accuracy": 0.705194890499115
}