{
    "step": 4,
    "loss": 0.6460363268852234,
    "accuracy": 0.8205233216285706,
    "val_loss": 0.7195950746536255,
    "val_accuracy": 0.7964321970939636
}