{
    "step": 1,
    "loss": 0.9721623659133911,
    "accuracy": 0.745582640171051,
    "val_loss": 1.0294134616851807,
    "val_accuracy": 0.7075762748718262
}