{
    "step": 77,
    "loss": 0.16418521106243134,
    "accuracy": 0.9500932097434998,
    "val_loss": 0.518264889717102,
    "val_accuracy": 0.8719830513000488
}