{
    "step": 74,
    "loss": 0.16978444159030914,
    "accuracy": 0.9483855962753296,
    "val_loss": 0.5136999487876892,
    "val_accuracy": 0.8722711801528931
}