{
    "step": 5,
    "loss": 0.850022554397583,
    "accuracy": 0.7656398415565491,
    "val_loss": 0.9368487596511841,
    "val_accuracy": 0.7358728647232056
}