{
    "step": 80,
    "loss": 0.1596945822238922,
    "accuracy": 0.9513262510299683,
    "val_loss": 0.5291134119033813,
    "val_accuracy": 0.8715593218803406
}