{
    "step": 26,
    "loss": 0.3139287531375885,
    "accuracy": 0.9061228632926941,
    "val_loss": 0.4485936164855957,
    "val_accuracy": 0.8700169324874878
}