{
    "step": 5,
    "loss": 0.5985884666442871,
    "accuracy": 0.8301588892936707,
    "val_loss": 0.6756061315536499,
    "val_accuracy": 0.8058050870895386
}