{
    "step": 63,
    "loss": 0.19060274958610535,
    "accuracy": 0.9425233006477356,
    "val_loss": 0.4856896996498108,
    "val_accuracy": 0.8747711777687073
}