{
    "step": 8,
    "loss": 0.6353858709335327,
    "accuracy": 0.8215783834457397,
    "val_loss": 0.7306824922561646,
    "val_accuracy": 0.7985847592353821
}