{
    "step": 24,
    "loss": 0.3247411847114563,
    "accuracy": 0.9029364585876465,
    "val_loss": 0.45187902450561523,
    "val_accuracy": 0.8686525225639343
}