{
    "step": 4,
    "loss": 0.9371623396873474,
    "accuracy": 0.7488135695457458,
    "val_loss": 1.0408682823181152,
    "val_accuracy": 0.7121779918670654
}