{
    "step": 1,
    "loss": 0.9070156216621399,
    "accuracy": 0.7537245750427246,
    "val_loss": 0.996066689491272,
    "val_accuracy": 0.7263050675392151
}