{
    "step": 65,
    "loss": 0.1865808218717575,
    "accuracy": 0.9434406757354736,
    "val_loss": 0.4915658235549927,
    "val_accuracy": 0.873694896697998
}