{
    "step": 17,
    "loss": 0.371437132358551,
    "accuracy": 0.8892860412597656,
    "val_loss": 0.47513943910598755,
    "val_accuracy": 0.8606525659561157
}