{
    "step": 19,
    "loss": 0.3564940392971039,
    "accuracy": 0.8933749794960022,
    "val_loss": 0.46974363923072815,
    "val_accuracy": 0.8624067902565002
}