{
    "step": 1,
    "loss": 0.8565754294395447,
    "accuracy": 0.764961838722229,
    "val_loss": 0.904132068157196,
    "val_accuracy": 0.7514915466308594
}