{
    "step": 91,
    "loss": 0.1431892216205597,
    "accuracy": 0.9559851884841919,
    "val_loss": 0.5578364133834839,
    "val_accuracy": 0.8712033629417419
}