{
    "step": 3,
    "loss": 0.6250444054603577,
    "accuracy": 0.8230275511741638,
    "val_loss": 0.68815678358078,
    "val_accuracy": 0.8011186718940735
}