{
    "step": 1,
    "loss": 0.8593137264251709,
    "accuracy": 0.7640190720558167,
    "val_loss": 0.9225873351097107,
    "val_accuracy": 0.7476016879081726
}