{
    "step": 0,
    "loss": 1.148295521736145,
    "accuracy": 0.7367860078811646,
    "val_loss": 1.0384005308151245,
    "val_accuracy": 0.7105847597122192
}