{
    "step": 3,
    "loss": 0.9332614541053772,
    "accuracy": 0.7487224340438843,
    "val_loss": 1.0169148445129395,
    "val_accuracy": 0.7140847444534302
}