{
    "step": 7,
    "loss": 0.8468657732009888,
    "accuracy": 0.7652690410614014,
    "val_loss": 0.9463552236557007,
    "val_accuracy": 0.7357966303825378
}