{
    "step": 38,
    "loss": 0.26078417897224426,
    "accuracy": 0.9216461777687073,
    "val_loss": 0.4443998634815216,
    "val_accuracy": 0.8743135333061218
}