{
    "step": 78,
    "loss": 0.1628655195236206,
    "accuracy": 0.9504660964012146,
    "val_loss": 0.5224825143814087,
    "val_accuracy": 0.8732203245162964
}