{
    "step": 97,
    "loss": 0.13543523848056793,
    "accuracy": 0.9582902789115906,
    "val_loss": 0.5754148364067078,
    "val_accuracy": 0.8698135614395142
}