{
    "step": 40,
    "loss": 0.253445029258728,
    "accuracy": 0.9239978790283203,
    "val_loss": 0.44888296723365784,
    "val_accuracy": 0.8732796907424927
}