{
    "step": 60,
    "loss": 0.1976994127035141,
    "accuracy": 0.940101683139801,
    "val_loss": 0.4802820682525635,
    "val_accuracy": 0.8742966055870056
}