{
    "step": 8,
    "loss": 0.7283218502998352,
    "accuracy": 0.803383469581604,
    "val_loss": 0.8231748342514038,
    "val_accuracy": 0.7730423808097839
}