{
    "step": 2,
    "loss": 0.7259255051612854,
    "accuracy": 0.8007224798202515,
    "val_loss": 0.7804191708564758,
    "val_accuracy": 0.7804746031761169
}