{
    "step": 12,
    "loss": 0.41750240325927734,
    "accuracy": 0.8761546611785889,
    "val_loss": 0.5063276886940002,
    "val_accuracy": 0.8523728847503662
}