{
    "step": 3,
    "loss": 0.9815779328346252,
    "accuracy": 0.7467944622039795,
    "val_loss": 1.0726546049118042,
    "val_accuracy": 0.7091355919837952
}