{
    "step": 28,
    "loss": 0.303336501121521,
    "accuracy": 0.9090868830680847,
    "val_loss": 0.4441070556640625,
    "val_accuracy": 0.8726271390914917
}