{
    "step": 57,
    "loss": 0.20466892421245575,
    "accuracy": 0.9382839202880859,
    "val_loss": 0.4758613407611847,
    "val_accuracy": 0.8739152550697327
}