{
    "step": 2,
    "loss": 0.8455227017402649,
    "accuracy": 0.7710042595863342,
    "val_loss": 0.8877377510070801,
    "val_accuracy": 0.7623898386955261
}