{
    "step": 61,
    "loss": 0.1953943818807602,
    "accuracy": 0.940896213054657,
    "val_loss": 0.4855463206768036,
    "val_accuracy": 0.8732881546020508
}