{
    "step": 36,
    "loss": 0.2683764696121216,
    "accuracy": 0.9195084571838379,
    "val_loss": 0.4452151954174042,
    "val_accuracy": 0.8729321956634521
}