{
    "step": 39,
    "loss": 0.25733762979507446,
    "accuracy": 0.9227246046066284,
    "val_loss": 0.44433972239494324,
    "val_accuracy": 0.8738813400268555
}