{
    "step": 93,
    "loss": 0.14043422043323517,
    "accuracy": 0.9569809436798096,
    "val_loss": 0.5641590356826782,
    "val_accuracy": 0.8705508708953857
}