{
    "step": 81,
    "loss": 0.1576916128396988,
    "accuracy": 0.9517394304275513,
    "val_loss": 0.5309090614318848,
    "val_accuracy": 0.8730847239494324
}