{
    "step": 62,
    "loss": 0.19287005066871643,
    "accuracy": 0.9416546821594238,
    "val_loss": 0.4838087856769562,
    "val_accuracy": 0.8736525177955627
}