{
    "step": 3,
    "loss": 0.9180331230163574,
    "accuracy": 0.7527055144309998,
    "val_loss": 0.9791430830955505,
    "val_accuracy": 0.7338220477104187
}