{
    "step": 72,
    "loss": 0.17289677262306213,
    "accuracy": 0.9473114609718323,
    "val_loss": 0.5052533745765686,
    "val_accuracy": 0.8734067678451538
}