{
    "step": 10,
    "loss": 0.4409184753894806,
    "accuracy": 0.8697054982185364,
    "val_loss": 0.5253732204437256,
    "val_accuracy": 0.8468983173370361
}