{
    "step": 0,
    "loss": 1.6471099853515625,
    "accuracy": 0.712245762348175,
    "val_loss": 1.2425388097763062,
    "val_accuracy": 0.7068813443183899
}