{
    "step": 88,
    "loss": 0.14744006097316742,
    "accuracy": 0.9547351598739624,
    "val_loss": 0.5477292537689209,
    "val_accuracy": 0.871491551399231
}