{
    "step": 94,
    "loss": 0.13940519094467163,
    "accuracy": 0.9573622941970825,
    "val_loss": 0.5634391903877258,
    "val_accuracy": 0.8712965846061707
}