{
    "step": 66,
    "loss": 0.1844199150800705,
    "accuracy": 0.9440339207649231,
    "val_loss": 0.49335792660713196,
    "val_accuracy": 0.8730762600898743
}