{
    "step": 18,
    "loss": 0.36360642313957214,
    "accuracy": 0.8913898468017578,
    "val_loss": 0.46897849440574646,
    "val_accuracy": 0.8617711663246155
}