{
    "step": 21,
    "loss": 0.3431409001350403,
    "accuracy": 0.8973729014396667,
    "val_loss": 0.4599670171737671,
    "val_accuracy": 0.8665084838867188
}