{
    "step": 49,
    "loss": 0.22515344619750977,
    "accuracy": 0.9324131608009338,
    "val_loss": 0.46023499965667725,
    "val_accuracy": 0.874728798866272
}