{
    "step": 9,
    "loss": 0.45525604486465454,
    "accuracy": 0.8659449219703674,
    "val_loss": 0.5339328646659851,
    "val_accuracy": 0.8442542552947998
}