{
    "step": 56,
    "loss": 0.20693227648735046,
    "accuracy": 0.9375423789024353,
    "val_loss": 0.4715760350227356,
    "val_accuracy": 0.8738813400268555
}