{
    "step": 8,
    "loss": 0.5287001132965088,
    "accuracy": 0.8456588983535767,
    "val_loss": 0.6077307462692261,
    "val_accuracy": 0.823839008808136
}