{
    "step": 7,
    "loss": 0.4374081492424011,
    "accuracy": 0.8699787855148315,
    "val_loss": 0.5165691375732422,
    "val_accuracy": 0.8479915261268616
}