{
    "step": 1,
    "loss": 0.8548988699913025,
    "accuracy": 0.7652055025100708,
    "val_loss": 0.9072875380516052,
    "val_accuracy": 0.7512457370758057
}