{
    "step": 2,
    "loss": 0.8100084066390991,
    "accuracy": 0.7784406542778015,
    "val_loss": 0.8794222474098206,
    "val_accuracy": 0.7615762948989868
}