{
    "step": 0,
    "loss": 1.5103546380996704,
    "accuracy": 0.7294491529464722,
    "val_loss": 1.1993885040283203,
    "val_accuracy": 0.7005084753036499
}