{
    "step": 6,
    "loss": 0.5110418796539307,
    "accuracy": 0.8504152297973633,
    "val_loss": 0.5923553705215454,
    "val_accuracy": 0.8244406580924988
}