{
    "step": 27,
    "loss": 0.3085615336894989,
    "accuracy": 0.9077097177505493,
    "val_loss": 0.44784462451934814,
    "val_accuracy": 0.8706525564193726
}