{
    "step": 1,
    "loss": 0.9541714191436768,
    "accuracy": 0.7488601803779602,
    "val_loss": 1.0787602663040161,
    "val_accuracy": 0.7123220562934875
}