{
    "step": 9,
    "loss": 0.6126254200935364,
    "accuracy": 0.8241080641746521,
    "val_loss": 0.6945730447769165,
    "val_accuracy": 0.802084743976593
}