{
    "step": 3,
    "loss": 0.6412963271141052,
    "accuracy": 0.8196694850921631,
    "val_loss": 0.6939135193824768,
    "val_accuracy": 0.8012542128562927
}