{
    "step": 6,
    "loss": 0.5607134103775024,
    "accuracy": 0.8369174003601074,
    "val_loss": 0.6403103470802307,
    "val_accuracy": 0.8104830384254456
}