{
    "step": 1,
    "loss": 1.0491608381271362,
    "accuracy": 0.7428538203239441,
    "val_loss": 1.0942026376724243,
    "val_accuracy": 0.7088983058929443
}