{
    "step": 29,
    "loss": 0.2987280488014221,
    "accuracy": 0.910552978515625,
    "val_loss": 0.44572222232818604,
    "val_accuracy": 0.8715423941612244
}