{
    "step": 3,
    "loss": 0.7438276410102844,
    "accuracy": 0.799358069896698,
    "val_loss": 0.8045645356178284,
    "val_accuracy": 0.7807796597480774
}