{
    "step": 0,
    "loss": 1.2971558570861816,
    "accuracy": 0.7269915342330933,
    "val_loss": 1.122776746749878,
    "val_accuracy": 0.7075169682502747
}