{
    "step": 5,
    "loss": 0.9028279781341553,
    "accuracy": 0.7519152760505676,
    "val_loss": 1.0136213302612305,
    "val_accuracy": 0.7101186513900757
}