{
    "step": 70,
    "loss": 0.1765429973602295,
    "accuracy": 0.9468516707420349,
    "val_loss": 0.5002309679985046,
    "val_accuracy": 0.8736525177955627
}