{
    "step": 2,
    "loss": 0.8864478468894958,
    "accuracy": 0.7557881474494934,
    "val_loss": 0.9657219052314758,
    "val_accuracy": 0.7282711863517761
}