{
    "step": 35,
    "loss": 0.27248018980026245,
    "accuracy": 0.9180974364280701,
    "val_loss": 0.4420984089374542,
    "val_accuracy": 0.8733728528022766
}