{
    "step": 41,
    "loss": 0.2503022253513336,
    "accuracy": 0.9248834848403931,
    "val_loss": 0.446874737739563,
    "val_accuracy": 0.8737372756004333
}