{
    "step": 4,
    "loss": 0.81642746925354,
    "accuracy": 0.7755487561225891,
    "val_loss": 0.9037618637084961,
    "val_accuracy": 0.7542203664779663
}