{
    "step": 2,
    "loss": 0.9214305281639099,
    "accuracy": 0.7489809393882751,
    "val_loss": 1.0142408609390259,
    "val_accuracy": 0.7100847363471985
}