{
    "step": 6,
    "loss": 0.5675750970840454,
    "accuracy": 0.8365550637245178,
    "val_loss": 0.6443284153938293,
    "val_accuracy": 0.8129152655601501
}