{
    "step": 53,
    "loss": 0.21383808553218842,
    "accuracy": 0.9357287883758545,
    "val_loss": 0.4676938056945801,
    "val_accuracy": 0.8744661211967468
}