{
    "step": 64,
    "loss": 0.18840111792087555,
    "accuracy": 0.942980945110321,
    "val_loss": 0.4886675477027893,
    "val_accuracy": 0.8733305335044861
}