{
    "step": 46,
    "loss": 0.23377953469753265,
    "accuracy": 0.9298537969589233,
    "val_loss": 0.45392754673957825,
    "val_accuracy": 0.8741610050201416
}