{
    "step": 0,
    "loss": 1.1747409105300903,
    "accuracy": 0.7358750104904175,
    "val_loss": 1.0352587699890137,
    "val_accuracy": 0.7102372646331787
}