{
    "step": 3,
    "loss": 0.7207059860229492,
    "accuracy": 0.8026610016822815,
    "val_loss": 0.7813394069671631,
    "val_accuracy": 0.7831525206565857
}