{
    "step": 48,
    "loss": 0.2280261218547821,
    "accuracy": 0.931377112865448,
    "val_loss": 0.4554824233055115,
    "val_accuracy": 0.8746355772018433
}