{
    "step": 8,
    "loss": 0.6458628177642822,
    "accuracy": 0.8172987103462219,
    "val_loss": 0.7239899039268494,
    "val_accuracy": 0.7921101450920105
}