{
    "step": 20,
    "loss": 0.3497484624385834,
    "accuracy": 0.8954470157623291,
    "val_loss": 0.4646732211112976,
    "val_accuracy": 0.8642796874046326
}