{
    "step": 8,
    "loss": 0.5088071823120117,
    "accuracy": 0.8513453602790833,
    "val_loss": 0.5884230136871338,
    "val_accuracy": 0.8267711997032166
}