{
    "step": 23,
    "loss": 0.3307240307331085,
    "accuracy": 0.9012076258659363,
    "val_loss": 0.45500946044921875,
    "val_accuracy": 0.8678982853889465
}