{
    "step": 1,
    "loss": 0.8229550719261169,
    "accuracy": 0.7777775526046753,
    "val_loss": 0.8303028345108032,
    "val_accuracy": 0.7711186408996582
}