{
    "step": 71,
    "loss": 0.17480868101119995,
    "accuracy": 0.9470826387405396,
    "val_loss": 0.5020769238471985,
    "val_accuracy": 0.8738051056861877
}