{
    "step": 11,
    "loss": 0.42877262830734253,
    "accuracy": 0.8730148077011108,
    "val_loss": 0.5157313942909241,
    "val_accuracy": 0.8502033948898315
}