{
    "step": 3,
    "loss": 0.5731982588768005,
    "accuracy": 0.8341758251190186,
    "val_loss": 0.6307916641235352,
    "val_accuracy": 0.8162966370582581
}