{
    "step": 5,
    "loss": 0.48878392577171326,
    "accuracy": 0.856783926486969,
    "val_loss": 0.5583713054656982,
    "val_accuracy": 0.8369660973548889
}