{
    "step": 8,
    "loss": 0.4710976481437683,
    "accuracy": 0.8614894151687622,
    "val_loss": 0.5503888130187988,
    "val_accuracy": 0.8402966260910034
}