{
    "step": 87,
    "loss": 0.14896057546138763,
    "accuracy": 0.9543665051460266,
    "val_loss": 0.5466503500938416,
    "val_accuracy": 0.8713304996490479
}